{"version":1,"allow_edit":true,"plugins":[],"panes":[{"width":1,"row":{"3":1},"col":{"3":1},"col_width":1,"widgets":[{"type":"text_widget","settings":{"title":"Temperatura","size":"regular","value":"datasources[\"sens\"][\"temperatura\"]","animate":true,"units":"°C"}}]},{"width":1,"row":{"3":1},"col":{"3":2},"col_width":1,"widgets":[{"type":"text_widget","settings":{"title":"Humedad","size":"regular","value":"datasources[\"sens\"][\"humedad\"]","animate":true,"units":"%"}}]},{"width":1,"row":{"3":1},"col":{"3":3},"col_width":1,"widgets":[{"type":"text_widget","settings":{"title":"Presión","size":"regular","value":"datasources[\"sens\"][\"presion\"]","animate":true,"units":"hPa"}}]},{"width":1,"row":{"3":5},"col":{"3":2},"col_width":1,"widgets":[{"type":"text_widget","settings":{"title":"Velocidad de Viento","size":"regular","value":"datasources[\"sens\"][\"velocidad\"]","animate":true,"units":"km/h"}}]},{"width":1,"row":{"3":5},"col":{"3":1},"col_width":1,"widgets":[{"type":"text_widget","settings":{"title":"Dirección de Viento","size":"regular","value":"datasources[\"sens\"][\"direccion\"]","animate":true,"units":"°"}}]},{"width":1,"row":{"3":5},"col":{"3":3},"col_width":1,"widgets":[{"type":"text_widget","settings":{"title":"Tensión","size":"regular","value":"datasources[\"sens\"][\"tension\"]","animate":true,"units":"V"}}]},{"width":1,"row":{"3":9},"col":{"3":1},"col_width":3,"widgets":[{"type":"text_widget","settings":{"title":"Hora","size":"regular","value":"datasources[\"sens\"][\"time_utc\"]","animate":true}}]}],"datasources":[{"name":"sens","type":"JSON","settings":{"url":"/rest/sensores","use_thingproxy":false,"refresh":5,"method":"GET"}}],"columns":3}